Label,Element Type,Description,Tags,Influence,Image,Born,Died,Wikipedia
Isaac Newton,Person,"[艾萨克·牛顿](https://en.wikipedia.org/wiki/Isaac_Newton) —— 经典力学奠基人,提出运动三定律与[万有引力](https://en.wikipedia.org/wiki/Newton%27s_law_of_universal_gravitation),并与莱布尼茨各自独立创立[微积分](https://en.wikipedia.org/wiki/Calculus),著《自然哲学的数学原理》。",物理学|数学,9.9,https://i0.wp.com/upload.wikimedia.org/wikipedia/commons/thumb/f/f7/Portrait_of_Sir_Isaac_Newton%2C_1689_%28brightened%29.jpg/500px-Portrait_of_Sir_Isaac_Newton%2C_1689_%28brightened%29.jpg,1643,1727,https://en.wikipedia.org/wiki/Isaac_Newton
Albert Einstein,Person,"[阿尔伯特·爱因斯坦](https://en.wikipedia.org/wiki/Albert_Einstein) —— 提出[相对论](https://en.wikipedia.org/wiki/Theory_of_relativity),解释[光电效应](https://en.wikipedia.org/wiki/Photoelectric_effect)(获 1921 年诺奖),给出 E=mc²,深刻改变了人类的时空观。",物理学,9.9,https://i0.wp.com/upload.wikimedia.org/wikipedia/commons/thumb/2/28/Albert_Einstein_Head_cleaned.jpg/500px-Albert_Einstein_Head_cleaned.jpg,1879,1955,https://en.wikipedia.org/wiki/Albert_Einstein
James Clerk Maxwell,Person,"[詹姆斯·克拉克·麦克斯韦](https://en.wikipedia.org/wiki/James_Clerk_Maxwell) —— 用[麦克斯韦方程组](https://en.wikipedia.org/wiki/Maxwell%27s_equations)统一电、磁与光,奠定经典电磁学。",物理学,9.7,https://i0.wp.com/upload.wikimedia.org/wikipedia/commons/thumb/b/b0/James-Clerk-Maxwell-1831-1879.jpg/500px-James-Clerk-Maxwell-1831-1879.jpg,1831,1879,https://en.wikipedia.org/wiki/James_Clerk_Maxwell
Charles Darwin,Person,"[查尔斯·达尔文](https://en.wikipedia.org/wiki/Charles_Darwin) —— 以[自然选择](https://en.wikipedia.org/wiki/Natural_selection)阐释[进化论](https://en.wikipedia.org/wiki/Evolution),著《物种起源》,生物学的根基。",生物学,9.7,https://i0.wp.com/upload.wikimedia.org/wikipedia/commons/thumb/2/2e/Charles_Darwin_seated_crop.jpg/500px-Charles_Darwin_seated_crop.jpg,1809,1882,https://en.wikipedia.org/wiki/Charles_Darwin
Galileo Galilei,Person,"[伽利略·伽利雷](https://en.wikipedia.org/wiki/Galileo_Galilei) —— “近代科学之父”,用[望远镜](https://en.wikipedia.org/wiki/Galileo%27s_telescope)观测天体支持[日心说](https://en.wikipedia.org/wiki/Heliocentrism),奠定实验物理。",物理学|天文学,9.6,https://i0.wp.com/upload.wikimedia.org/wikipedia/commons/thumb/f/fc/Galileo_Galilei_%281564-1642%29_RMG_BHC2700.tiff/lossy-page1-500px-Galileo_Galilei_%281564-1642%29_RMG_BHC2700.tiff.jpg,1564,1642,https://en.wikipedia.org/wiki/Galileo_Galilei
Nicolaus Copernicus,Person,"[尼古拉·哥白尼](https://en.wikipedia.org/wiki/Nicolaus_Copernicus) —— 提出[日心说](https://en.wikipedia.org/wiki/Heliocentrism),引发天文学革命。",天文学,9.4,https://i0.wp.com/upload.wikimedia.org/wikipedia/commons/thumb/e/e2/Nikolaus_Kopernikus_MOT.jpg/500px-Nikolaus_Kopernikus_MOT.jpg,1473,1543,https://en.wikipedia.org/wiki/Nicolaus_Copernicus
Johannes Kepler,Person,"[约翰内斯·开普勒](https://en.wikipedia.org/wiki/Johannes_Kepler) —— 总结出[行星运动三定律](https://en.wikipedia.org/wiki/Kepler%27s_laws_of_planetary_motion),为牛顿引力理论铺路。",天文学,9.2,https://i0.wp.com/upload.wikimedia.org/wikipedia/commons/thumb/7/74/JKepler.jpg/500px-JKepler.jpg,1571,1630,https://en.wikipedia.org/wiki/Johannes_Kepler
Michael Faraday,Person,"[迈克尔·法拉第](https://en.wikipedia.org/wiki/Michael_Faraday) —— 发现[电磁感应](https://en.wikipedia.org/wiki/Electromagnetic_induction),奠定发电机与电动机原理。",物理学|化学,9.4,https://i0.wp.com/upload.wikimedia.org/wikipedia/commons/thumb/7/7e/Michael_Faraday_sitting_crop.jpg/500px-Michael_Faraday_sitting_crop.jpg,1791,1867,https://en.wikipedia.org/wiki/Michael_Faraday
Marie Curie,Person,"[玛丽·居里](https://en.wikipedia.org/wiki/Marie_Curie) —— [放射性](https://en.wikipedia.org/wiki/Radioactivity)研究先驱,发现钋与镭,史上首位两获诺贝尔奖者。",物理学|化学,9.3,https://i0.wp.com/upload.wikimedia.org/wikipedia/commons/thumb/c/c8/Marie_Curie_c._1920s.jpg/500px-Marie_Curie_c._1920s.jpg,1867,1934,https://en.wikipedia.org/wiki/Marie_Curie
Niels Bohr,Person,"[尼尔斯·玻尔](https://en.wikipedia.org/wiki/Niels_Bohr) —— 提出原子的[玻尔模型](https://en.wikipedia.org/wiki/Bohr_model),[量子力学](https://en.wikipedia.org/wiki/Quantum_mechanics)奠基人之一。",物理学,9.0,https://i0.wp.com/upload.wikimedia.org/wikipedia/commons/thumb/6/6d/Niels_Bohr.jpg/500px-Niels_Bohr.jpg,1885,1962,https://en.wikipedia.org/wiki/Niels_Bohr
Max Planck,Person,"[马克斯·普朗克](https://en.wikipedia.org/wiki/Max_Planck) —— 由[黑体辐射](https://en.wikipedia.org/wiki/Black-body_radiation)提出能量量子化,开启[量子力学](https://en.wikipedia.org/wiki/Quantum_mechanics)时代。",物理学,9.2,https://i0.wp.com/upload.wikimedia.org/wikipedia/commons/thumb/e/ee/Max_Planck_by_Hugo_Erfurth_1938cr_-_restoration1.jpg/500px-Max_Planck_by_Hugo_Erfurth_1938cr_-_restoration1.jpg,1858,1947,https://en.wikipedia.org/wiki/Max_Planck
Werner Heisenberg,Person,"[维尔纳·海森堡](https://en.wikipedia.org/wiki/Werner_Heisenberg) —— 创立矩阵力学,提出[不确定性原理](https://en.wikipedia.org/wiki/Uncertainty_principle)。",物理学,8.8,https://i0.wp.com/upload.wikimedia.org/wikipedia/commons/thumb/e/ee/Werner_Heisenberg_Portrait_%283x4_cropped%29.jpg/500px-Werner_Heisenberg_Portrait_%283x4_cropped%29.jpg,1901,1976,https://en.wikipedia.org/wiki/Werner_Heisenberg
Erwin Schrödinger,Person,"[埃尔温·薛定谔](https://en.wikipedia.org/wiki/Erwin_Schr%C3%B6dinger) —— 提出[薛定谔方程](https://en.wikipedia.org/wiki/Schr%C3%B6dinger_equation),波动力学奠基人,以“薛定谔的猫”闻名。",物理学,8.8,https://i0.wp.com/upload.wikimedia.org/wikipedia/commons/thumb/7/77/Erwin_Schr%C3%B6dinger_-_Narodowe_Archiwum_Cyfrowe_%281-E-939%29.jpg/500px-Erwin_Schr%C3%B6dinger_-_Narodowe_Archiwum_Cyfrowe_%281-E-939%29.jpg,1887,1961,https://en.wikipedia.org/wiki/Erwin_Schrödinger
Paul Dirac,Person,"[保罗·狄拉克](https://en.wikipedia.org/wiki/Paul_Dirac) —— 提出[狄拉克方程](https://en.wikipedia.org/wiki/Dirac_equation),预言[反物质](https://en.wikipedia.org/wiki/Antimatter),量子电动力学先驱。",物理学,8.7,https://i0.wp.com/upload.wikimedia.org/wikipedia/commons/thumb/5/50/Paul_Dirac%2C_1933.jpg/500px-Paul_Dirac%2C_1933.jpg,1902,1984,https://en.wikipedia.org/wiki/Paul_Dirac
Richard Feynman,Person,"[理查德·费曼](https://en.wikipedia.org/wiki/Richard_Feynman) —— [量子电动力学](https://en.wikipedia.org/wiki/Quantum_electrodynamics)奠基人之一,发明费曼图,著名科学传播者。",物理学,8.9,https://i0.wp.com/upload.wikimedia.org/wikipedia/en/thumb/4/42/Richard_Feynman_Nobel.jpg/500px-Richard_Feynman_Nobel.jpg,1918,1988,https://en.wikipedia.org/wiki/Richard_Feynman
Nikola Tesla,Person,[尼古拉·特斯拉](https://en.wikipedia.org/wiki/Nikola_Tesla) —— [交流电](https://en.wikipedia.org/wiki/Alternating_current)系统与感应电动机的发明者。,物理学,8.8,https://i0.wp.com/upload.wikimedia.org/wikipedia/commons/thumb/7/79/Tesla_circa_1890.jpeg/500px-Tesla_circa_1890.jpeg,1856,1943,https://en.wikipedia.org/wiki/Nikola_Tesla
Gregor Mendel,Person,"[格雷戈尔·孟德尔](https://en.wikipedia.org/wiki/Gregor_Mendel) —— 通过豌豆实验发现遗传规律,[遗传学](https://en.wikipedia.org/wiki/Genetics)之父。",生物学,9.0,https://i0.wp.com/upload.wikimedia.org/wikipedia/commons/thumb/b/ba/Gregor_Mendel_2.jpg/500px-Gregor_Mendel_2.jpg,1822,1884,https://en.wikipedia.org/wiki/Gregor_Mendel
Louis Pasteur,Person,"[路易·巴斯德](https://en.wikipedia.org/wiki/Louis_Pasteur) —— 确立[细菌致病学说](https://en.wikipedia.org/wiki/Germ_theory_of_disease),发明[巴氏消毒](https://en.wikipedia.org/wiki/Pasteurization)与多种疫苗。",医学|化学,9.2,https://i0.wp.com/upload.wikimedia.org/wikipedia/commons/thumb/a/a6/Louis_Pasteur%2C_foto_av_Paul_Nadar%2C_Crisco_edit.jpg/500px-Louis_Pasteur%2C_foto_av_Paul_Nadar%2C_Crisco_edit.jpg,1822,1895,https://en.wikipedia.org/wiki/Louis_Pasteur
Dmitri Mendeleev,Person,[德米特里·门捷列夫](https://en.wikipedia.org/wiki/Dmitri_Mendeleev) —— 编制[元素周期表](https://en.wikipedia.org/wiki/Periodic_table)并成功预言未知元素。,化学,9.0,https://i0.wp.com/upload.wikimedia.org/wikipedia/commons/thumb/a/af/Dmitri_Mendeleev.jpg/500px-Dmitri_Mendeleev.jpg,1834,1907,https://en.wikipedia.org/wiki/Dmitri_Mendeleev
Antoine Lavoisier,Person,"[安托万·拉瓦锡](https://en.wikipedia.org/wiki/Antoine_Lavoisier) —— “近代化学之父”,确立[质量守恒](https://en.wikipedia.org/wiki/Conservation_of_mass)并命名氧。",化学,8.9,https://i0.wp.com/upload.wikimedia.org/wikipedia/commons/thumb/d/d8/David_-_Portrait_of_Monsieur_Lavoisier_%28cropped%292.jpg/500px-David_-_Portrait_of_Monsieur_Lavoisier_%28cropped%292.jpg,1743,1794,https://en.wikipedia.org/wiki/Antoine_Lavoisier
Ludwig Boltzmann,Person,"[路德维希·玻尔兹曼](https://en.wikipedia.org/wiki/Ludwig_Boltzmann) —— [统计力学](https://en.wikipedia.org/wiki/Statistical_mechanics)奠基人,从微观角度阐释[熵](https://en.wikipedia.org/wiki/Entropy)。",物理学,8.6,https://i0.wp.com/upload.wikimedia.org/wikipedia/commons/thumb/a/ad/Boltzmann2.jpg/500px-Boltzmann2.jpg,1844,1906,https://en.wikipedia.org/wiki/Ludwig_Boltzmann
Gottfried Wilhelm Leibniz,Person,"[戈特弗里德·莱布尼茨](https://en.wikipedia.org/wiki/Gottfried_Wilhelm_Leibniz) —— 与牛顿各自独立发明[微积分](https://en.wikipedia.org/wiki/Calculus)(现用记号源于他),并构想二进制。",数学,9.0,https://i0.wp.com/upload.wikimedia.org/wikipedia/commons/thumb/8/8d/Christoph_Bernhard_Francke_-_Bildnis_des_Philosophen_Leibniz_%28ca._1695%29.jpg/500px-Christoph_Bernhard_Francke_-_Bildnis_des_Philosophen_Leibniz_%28ca._1695%29.jpg,1646,1716,https://en.wikipedia.org/wiki/Gottfried_Wilhelm_Leibniz
Euclid,Person,"[欧几里得](https://en.wikipedia.org/wiki/Euclid) —— “几何之父”,著《[几何原本](https://en.wikipedia.org/wiki/Euclid%27s_Elements)》,确立公理化方法。",数学,9.3,https://i0.wp.com/upload.wikimedia.org/wikipedia/commons/thumb/7/73/Italian_-_Euclid_-_Google_Art_Project.jpg/500px-Italian_-_Euclid_-_Google_Art_Project.jpg,,,https://en.wikipedia.org/wiki/Euclid
Archimedes,Person,"[阿基米德](https://en.wikipedia.org/wiki/Archimedes) —— 古希腊数学物理大师,提出[浮力原理](https://en.wikipedia.org/wiki/Archimedes%27_principle)与杠杆、圆周率估算。",数学|物理学,9.4,https://i0.wp.com/upload.wikimedia.org/wikipedia/commons/thumb/e/e7/Domenico-Fetti_Archimedes_1620.jpg/500px-Domenico-Fetti_Archimedes_1620.jpg,,,https://en.wikipedia.org/wiki/Archimedes
Carl Friedrich Gauss,Person,"[卡尔·弗里德里希·高斯](https://en.wikipedia.org/wiki/Carl_Friedrich_Gauss) —— “数学王子”,在[数论](https://en.wikipedia.org/wiki/Number_theory)、[正态分布](https://en.wikipedia.org/wiki/Normal_distribution)、几何与物理均有奠基性贡献。",数学,9.4,https://i0.wp.com/upload.wikimedia.org/wikipedia/commons/thumb/e/ec/Carl_Friedrich_Gauss_1840_by_Jensen.jpg/500px-Carl_Friedrich_Gauss_1840_by_Jensen.jpg,1777,1855,https://en.wikipedia.org/wiki/Carl_Friedrich_Gauss
Leonhard Euler,Person,"[莱昂哈德·欧拉](https://en.wikipedia.org/wiki/Leonhard_Euler) —— 史上最高产的数学家之一,开创[图论](https://en.wikipedia.org/wiki/Graph_theory),贡献遍及分析、数论与力学。",数学,9.3,https://i0.wp.com/upload.wikimedia.org/wikipedia/commons/thumb/f/f9/Leonhard_Euler_-_Jakob_Emanuel_Handmann_%28Kunstmuseum_Basel%29.jpg/500px-Leonhard_Euler_-_Jakob_Emanuel_Handmann_%28Kunstmuseum_Basel%29.jpg,1707,1783,https://en.wikipedia.org/wiki/Leonhard_Euler
Bernhard Riemann,Person,"[波恩哈德·黎曼](https://en.wikipedia.org/wiki/Bernhard_Riemann) —— 提出[黎曼猜想](https://en.wikipedia.org/wiki/Riemann_hypothesis)与[黎曼几何](https://en.wikipedia.org/wiki/Riemannian_geometry),后者成为广义相对论的数学基础。",数学,8.7,https://i0.wp.com/upload.wikimedia.org/wikipedia/commons/thumb/8/82/Georg_Friedrich_Bernhard_Riemann.jpeg/500px-Georg_Friedrich_Bernhard_Riemann.jpeg,1826,1866,https://en.wikipedia.org/wiki/Bernhard_Riemann
Pierre de Fermat,Person,"[皮埃尔·德·费马](https://en.wikipedia.org/wiki/Pierre_de_Fermat) —— [数论](https://en.wikipedia.org/wiki/Number_theory)先驱,提出费马大定理,与帕斯卡共创[概率论](https://en.wikipedia.org/wiki/Probability_theory)。",数学,8.6,https://i0.wp.com/upload.wikimedia.org/wikipedia/commons/f/f3/Pierre_de_Fermat.jpg,1607,1665,https://en.wikipedia.org/wiki/Pierre_de_Fermat
Georg Cantor,Person,"[格奥尔格·康托尔](https://en.wikipedia.org/wiki/Georg_Cantor) —— 创立[集合论](https://en.wikipedia.org/wiki/Set_theory),提出无穷的不同“大小”。",数学,8.5,https://i0.wp.com/upload.wikimedia.org/wikipedia/commons/thumb/0/0e/Georg_Cantor_%28Portr%C3%A4t%29.jpg/500px-Georg_Cantor_%28Portr%C3%A4t%29.jpg,1845,1918,https://en.wikipedia.org/wiki/Georg_Cantor
David Hilbert,Person,"[大卫·希尔伯特](https://en.wikipedia.org/wiki/David_Hilbert) —— 提出 23 个著名问题引领 20 世纪数学,[希尔伯特空间](https://en.wikipedia.org/wiki/Hilbert_space)以其命名。",数学,8.7,https://i0.wp.com/upload.wikimedia.org/wikipedia/commons/7/79/Hilbert.jpg,1862,1943,https://en.wikipedia.org/wiki/David_Hilbert
Henri Poincaré,Person,"[亨利·庞加莱](https://en.wikipedia.org/wiki/Henri_Poincar%C3%A9) —— [拓扑学](https://en.wikipedia.org/wiki/Topology)奠基人,[混沌理论](https://en.wikipedia.org/wiki/Chaos_theory)先驱,提出庞加莱猜想。",数学,8.7,https://i0.wp.com/upload.wikimedia.org/wikipedia/commons/thumb/f/f4/PSM_V82_D416_Henri_Poincare.png/500px-PSM_V82_D416_Henri_Poincare.png,1854,1912,https://en.wikipedia.org/wiki/Henri_Poincaré
Srinivasa Ramanujan,Person,"[斯里尼瓦瑟·拉马努金](https://en.wikipedia.org/wiki/Srinivasa_Ramanujan) —— 天才数学家,在[数论](https://en.wikipedia.org/wiki/Number_theory)与无穷级数上留下大量惊人公式。",数学,8.5,https://i0.wp.com/upload.wikimedia.org/wikipedia/commons/thumb/d/d0/Srinivasa_Ramanujan-Add._MS_a94_version2_%28cropped%29.jpg/500px-Srinivasa_Ramanujan-Add._MS_a94_version2_%28cropped%29.jpg,1887,1920,https://en.wikipedia.org/wiki/Srinivasa_Ramanujan
Emmy Noether,Person,"[埃米·诺特](https://en.wikipedia.org/wiki/Emmy_Noether) —— [抽象代数](https://en.wikipedia.org/wiki/Abstract_algebra)奠基人,[诺特定理](https://en.wikipedia.org/wiki/Noether%27s_theorem)揭示对称性与守恒律的深刻联系。",数学|物理学,8.6,https://i0.wp.com/upload.wikimedia.org/wikipedia/commons/thumb/b/b5/Emmy_Noether_%283x4_cropped%29.jpg/500px-Emmy_Noether_%283x4_cropped%29.jpg,1882,1935,https://en.wikipedia.org/wiki/Emmy_Noether
Kurt Gödel,Person,"[库尔特·哥德尔](https://en.wikipedia.org/wiki/Kurt_G%C3%B6del) —— 提出[不完备定理](https://en.wikipedia.org/wiki/G%C3%B6del%27s_incompleteness_theorems),震撼了数学基础与逻辑。",数学,8.7,https://i0.wp.com/upload.wikimedia.org/wikipedia/commons/4/42/Kurt_g%C3%B6del.jpg,1906,1978,https://en.wikipedia.org/wiki/Kurt_Gödel
Blaise Pascal,Person,"[布莱兹·帕斯卡](https://en.wikipedia.org/wiki/Blaise_Pascal) —— 与费马共创[概率论](https://en.wikipedia.org/wiki/Probability_theory),发明早期计算器,著名数学家与思想家。",数学,8.4,https://i0.wp.com/upload.wikimedia.org/wikipedia/commons/thumb/9/98/Blaise_Pascal_Versailles.JPG/500px-Blaise_Pascal_Versailles.JPG,1623,1662,https://en.wikipedia.org/wiki/Blaise_Pascal
Hippocrates,Person,"[希波克拉底](https://en.wikipedia.org/wiki/Hippocrates) —— “医学之父”,将医学与迷信分离,《[希波克拉底誓言](https://en.wikipedia.org/wiki/Hippocratic_Oath)》流传至今。",医学,9.0,https://i0.wp.com/upload.wikimedia.org/wikipedia/commons/7/7c/Hippocrates.jpg,,,https://en.wikipedia.org/wiki/Hippocrates
Edward Jenner,Person,"[爱德华·詹纳](https://en.wikipedia.org/wiki/Edward_Jenner) —— 用牛痘开创[疫苗接种](https://en.wikipedia.org/wiki/Vaccination),“免疫学之父”。",医学,9.0,https://i0.wp.com/upload.wikimedia.org/wikipedia/commons/thumb/b/be/Edward_Jenner.jpg/500px-Edward_Jenner.jpg,1749,1823,https://en.wikipedia.org/wiki/Edward_Jenner
Robert Koch,Person,"[罗伯特·科赫](https://en.wikipedia.org/wiki/Robert_Koch) —— [细菌学](https://en.wikipedia.org/wiki/Bacteriology)奠基人,提出科赫法则,确认结核、霍乱病原。",医学,8.8,https://i0.wp.com/upload.wikimedia.org/wikipedia/commons/thumb/8/8d/RobertKoch_cropped.jpg/500px-RobertKoch_cropped.jpg,1843,1910,https://en.wikipedia.org/wiki/Robert_Koch
Alexander Fleming,Person,"[亚历山大·弗莱明](https://en.wikipedia.org/wiki/Alexander_Fleming) —— 发现[青霉素](https://en.wikipedia.org/wiki/Penicillin),开启[抗生素](https://en.wikipedia.org/wiki/Antibiotic)时代。",医学,9.0,https://i0.wp.com/upload.wikimedia.org/wikipedia/commons/f/f5/Alexander_Fleming_1945.jpg,1881,1955,https://en.wikipedia.org/wiki/Alexander_Fleming
Joseph Lister,Person,"[约瑟夫·李斯特](https://en.wikipedia.org/wiki/Joseph_Lister) —— 倡导[无菌手术](https://en.wikipedia.org/wiki/Antiseptic),大幅降低术后感染死亡率。",医学,8.5,https://i0.wp.com/upload.wikimedia.org/wikipedia/commons/thumb/a/a1/Joseph_Lister_1902.jpg/500px-Joseph_Lister_1902.jpg,1827,1912,https://en.wikipedia.org/wiki/Joseph_Lister
Andreas Vesalius,Person,"[安德烈亚斯·维萨里](https://en.wikipedia.org/wiki/Andreas_Vesalius) —— 近代[人体解剖学](https://en.wikipedia.org/wiki/Anatomy)奠基人,著《人体的构造》。",医学,8.5,https://i0.wp.com/upload.wikimedia.org/wikipedia/commons/thumb/f/f7/Man_dressed_in_Black_by_Calcar_%28Hermitage%29.jpg/500px-Man_dressed_in_Black_by_Calcar_%28Hermitage%29.jpg,1514,1564,https://en.wikipedia.org/wiki/Andreas_Vesalius
William Harvey,Person,[威廉·哈维](https://en.wikipedia.org/wiki/William_Harvey) —— 首次系统阐明[血液循环](https://en.wikipedia.org/wiki/Circulatory_system)由心脏驱动。,医学,8.5,https://i0.wp.com/upload.wikimedia.org/wikipedia/commons/thumb/4/42/William_Harvey_2.jpg/500px-William_Harvey_2.jpg,1578,1657,https://en.wikipedia.org/wiki/William_Harvey
Jonas Salk,Person,"[乔纳斯·索尔克](https://en.wikipedia.org/wiki/Jonas_Salk) —— 研制出首支[脊髓灰质炎疫苗](https://en.wikipedia.org/wiki/Polio_vaccine),且未申请专利。",医学,8.5,https://i0.wp.com/upload.wikimedia.org/wikipedia/commons/thumb/5/59/Jonas_Salk_candid.jpg/500px-Jonas_Salk_candid.jpg,1914,1995,https://en.wikipedia.org/wiki/Jonas_Salk
Florence Nightingale,Person,"[弗洛伦斯·南丁格尔](https://en.wikipedia.org/wiki/Florence_Nightingale) —— 现代护理学奠基人,也是[医学统计](https://en.wikipedia.org/wiki/Medical_statistics)与数据可视化先驱。",医学,8.3,https://i0.wp.com/upload.wikimedia.org/wikipedia/commons/thumb/a/ab/Florence_Nightingale_%28H_Hering_NPG_x82368%29.jpg/500px-Florence_Nightingale_%28H_Hering_NPG_x82368%29.jpg,1820,1910,https://en.wikipedia.org/wiki/Florence_Nightingale
Carl Linnaeus,Person,"[卡尔·林奈](https://en.wikipedia.org/wiki/Carl_Linnaeus) —— 创立[双名法](https://en.wikipedia.org/wiki/Binomial_nomenclature)生物分类系统,“分类学之父”。",生物学,8.8,https://i0.wp.com/upload.wikimedia.org/wikipedia/commons/thumb/3/3c/Carl_von_Linn%C3%A9%2C_1707-1778%2C_botanist%2C_professor_%28Alexander_Roslin%29_-_Nationalmuseum_-_15723_%28cropped%29.tif/lossy-page1-500px-Carl_von_Linn%C3%A9%2C_1707-1778%2C_botanist%2C_professor_%28Alexander_Roslin%29_-_Nationalmuseum_-_15723_%28cropped%29.tif.jpg,1707,1778,https://en.wikipedia.org/wiki/Carl_Linnaeus
Antonie van Leeuwenhoek,Person,"[安东尼·范·列文虎克](https://en.wikipedia.org/wiki/Antonie_van_Leeuwenhoek) —— 用自制显微镜首次观察到微生物,“[微生物学](https://en.wikipedia.org/wiki/Microbiology)之父”。",生物学,8.5,https://i0.wp.com/upload.wikimedia.org/wikipedia/commons/thumb/1/1f/Anthonie_van_Leeuwenhoek_%281632-1723%29._Natuurkundige_te_Delft_Rijksmuseum_SK-A-957.jpeg/500px-Anthonie_van_Leeuwenhoek_%281632-1723%29._Natuurkundige_te_Delft_Rijksmuseum_SK-A-957.jpeg,1632,1723,https://en.wikipedia.org/wiki/Antonie_van_Leeuwenhoek
James Watson,Person,[詹姆斯·沃森](https://en.wikipedia.org/wiki/James_Watson) —— 与克里克共同提出 [DNA 双螺旋结构](https://en.wikipedia.org/wiki/Nucleic_acid_double_helix)。,生物学,8.5,https://i0.wp.com/upload.wikimedia.org/wikipedia/commons/thumb/d/d8/James_D._Watson_LCCN2007680359.jpg/500px-James_D._Watson_LCCN2007680359.jpg,1928,,https://en.wikipedia.org/wiki/James_Watson
Francis Crick,Person,"[弗朗西斯·克里克](https://en.wikipedia.org/wiki/Francis_Crick) —— DNA 双螺旋的共同发现者,提出分子生物学“中心法则”。",生物学,8.6,https://i0.wp.com/upload.wikimedia.org/wikipedia/commons/thumb/9/99/Francis_Crick_crop.jpg/500px-Francis_Crick_crop.jpg,1916,2004,https://en.wikipedia.org/wiki/Francis_Crick
Rosalind Franklin,Person,[罗莎琳德·富兰克林](https://en.wikipedia.org/wiki/Rosalind_Franklin) —— 其 X 射线衍射“照片 51 号”是揭示 [DNA 结构](https://en.wikipedia.org/wiki/Nucleic_acid_double_helix) 的关键。,生物学|化学,8.5,https://i0.wp.com/upload.wikimedia.org/wikipedia/commons/f/fd/Rosalind_Franklin_%28retouched%29.jpg,1920,1958,https://en.wikipedia.org/wiki/Rosalind_Franklin
John Dalton,Person,"[约翰·道尔顿](https://en.wikipedia.org/wiki/John_Dalton) —— 提出近代[原子论](https://en.wikipedia.org/wiki/Atomic_theory),为化学奠定微观基础。",化学,8.7,https://i0.wp.com/upload.wikimedia.org/wikipedia/commons/thumb/0/00/John_Dalton_by_Thomas_Phillips%2C_1835.jpg/500px-John_Dalton_by_Thomas_Phillips%2C_1835.jpg,1766,1844,https://en.wikipedia.org/wiki/John_Dalton
Robert Boyle,Person,"[罗伯特·玻意耳](https://en.wikipedia.org/wiki/Robert_Boyle) —— 近代化学先驱,提出[玻意耳定律](https://en.wikipedia.org/wiki/Boyle%27s_law)。",化学,8.4,https://i0.wp.com/upload.wikimedia.org/wikipedia/commons/thumb/a/a3/The_Shannon_Portrait_of_the_Hon_Robert_Boyle.jpg/500px-The_Shannon_Portrait_of_the_Hon_Robert_Boyle.jpg,1627,1691,https://en.wikipedia.org/wiki/Robert_Boyle
Linus Pauling,Person,"[莱纳斯·鲍林](https://en.wikipedia.org/wiki/Linus_Pauling) —— [化学键](https://en.wikipedia.org/wiki/Chemical_bond)理论奠基人,两获诺奖(化学奖与和平奖)。",化学,8.7,https://i0.wp.com/upload.wikimedia.org/wikipedia/commons/thumb/5/53/Linus_Pauling_in_the_1940s.jpg/500px-Linus_Pauling_in_the_1940s.jpg,1901,1994,https://en.wikipedia.org/wiki/Linus_Pauling
Edwin Hubble,Person,"[埃德温·哈勃](https://en.wikipedia.org/wiki/Edwin_Hubble) —— 发现星系退行,证实[宇宙膨胀](https://en.wikipedia.org/wiki/Expansion_of_the_universe)。",天文学,8.8,https://i0.wp.com/upload.wikimedia.org/wikipedia/commons/thumb/1/15/Studio_portrait_photograph_of_Edwin_Powell_Hubble_%28cropped%29.JPG/500px-Studio_portrait_photograph_of_Edwin_Powell_Hubble_%28cropped%29.JPG,1889,1953,https://en.wikipedia.org/wiki/Edwin_Hubble
Tycho Brahe,Person,"[第谷·布拉赫](https://en.wikipedia.org/wiki/Tycho_Brahe) —— 留下空前精确的[天文观测](https://en.wikipedia.org/wiki/Observational_astronomy)数据,成就了开普勒。",天文学,8.5,https://i0.wp.com/upload.wikimedia.org/wikipedia/commons/thumb/5/54/Portr%C3%A4tt_av_Tycho_Brahe_-_Skoklosters_slott_-_90153.tif/lossy-page1-500px-Portr%C3%A4tt_av_Tycho_Brahe_-_Skoklosters_slott_-_90153.tif.jpg,1546,1601,https://en.wikipedia.org/wiki/Tycho_Brahe
Classical mechanics,Project,"[经典力学](https://en.wikipedia.org/wiki/Classical_mechanics) —— 描述宏观物体运动的理论体系,由牛顿集大成。",,9.5,https://placehold.co/300x300/2c3e50/ecf0f1/png?text=Classical%0Amechanics,,,
Universal gravitation,Project,"[万有引力](https://en.wikipedia.org/wiki/Newton%27s_law_of_universal_gravitation) —— 任意两质点相互吸引,解释了天体运行与潮汐。",,9.5,https://placehold.co/300x300/2c3e50/ecf0f1/png?text=Universal%0Agravitation,,,
Calculus,Project,"[微积分](https://en.wikipedia.org/wiki/Calculus) —— 研究变化与累积的数学分支,牛顿与莱布尼茨各自独立创立。",,9.6,https://placehold.co/300x300/2c3e50/ecf0f1/png?text=Calculus,,,
Optics,Project,[光学](https://en.wikipedia.org/wiki/Optics) —— 研究光的性质与行为;牛顿用棱镜揭示白光由色光组成。,,8.5,https://placehold.co/300x300/2c3e50/ecf0f1/png?text=Optics,,,
Theory of relativity,Project,"[相对论](https://en.wikipedia.org/wiki/Theory_of_relativity) —— 爱因斯坦关于时空与引力的理论,含狭义与广义相对论。",,9.7,https://placehold.co/300x300/2c3e50/ecf0f1/png?text=Theory%0Aof%0Arelativity,,,
Photoelectric effect,Project,"[光电效应](https://en.wikipedia.org/wiki/Photoelectric_effect) —— 光照射金属逸出电子,证明光的量子性。",,8.5,https://placehold.co/300x300/2c3e50/ecf0f1/png?text=Photoelectric%0Aeffect,,,
Mass-energy equivalence,Project,"[质能等价](https://en.wikipedia.org/wiki/Mass%E2%80%93energy_equivalence) —— E=mc²,质量与能量可相互转化。",,9.0,https://placehold.co/300x300/2c3e50/ecf0f1/png?text=Mass-energy%0Aequivalence,,,
Quantum mechanics,Project,"[量子力学](https://en.wikipedia.org/wiki/Quantum_mechanics) —— 描述微观粒子行为的理论,20 世纪物理学两大支柱之一。",,9.7,https://placehold.co/300x300/2c3e50/ecf0f1/png?text=Quantum%0Amechanics,,,
Maxwell's equations,Project,[麦克斯韦方程组](https://en.wikipedia.org/wiki/Maxwell%27s_equations) —— 四个方程统一电、磁与电磁波(光)。,,9.4,https://placehold.co/300x300/2c3e50/ecf0f1/png?text=Maxwell%27s%0Aequations,,,
Electromagnetism,Project,[电磁学](https://en.wikipedia.org/wiki/Electromagnetism) —— 研究电与磁相互作用的物理分支。,,9.4,https://placehold.co/300x300/2c3e50/ecf0f1/png?text=Electromagnetism,,,
Statistical mechanics,Project,[统计力学](https://en.wikipedia.org/wiki/Statistical_mechanics) —— 用大量粒子的统计行为解释宏观热力学性质。,,8.6,https://placehold.co/300x300/2c3e50/ecf0f1/png?text=Statistical%0Amechanics,,,
Evolution,Project,"[进化论](https://en.wikipedia.org/wiki/Evolution) —— 物种随世代变化的理论,生命多样性的统一解释。",,9.6,https://placehold.co/300x300/2c3e50/ecf0f1/png?text=Evolution,,,
Natural selection,Project,"[自然选择](https://en.wikipedia.org/wiki/Natural_selection) —— 适应环境者更易存活繁衍,进化的核心机制。",,9.4,https://placehold.co/300x300/2c3e50/ecf0f1/png?text=Natural%0Aselection,,,
Heliocentrism,Project,"[日心说](https://en.wikipedia.org/wiki/Heliocentrism) —— 地球与行星绕太阳运行,取代地心说。",,9.4,https://placehold.co/300x300/2c3e50/ecf0f1/png?text=Heliocentrism,,,
Telescope astronomy,Project,[望远镜天文学](https://en.wikipedia.org/wiki/Galileo%27s_telescope) —— 伽利略以望远镜观测月面、木卫与金星相位。,,8.5,https://placehold.co/300x300/2c3e50/ecf0f1/png?text=Telescope%0Aastronomy,,,
Laws of planetary motion,Project,"[行星运动定律](https://en.wikipedia.org/wiki/Kepler%27s_laws_of_planetary_motion) —— 开普勒三定律,描述行星沿椭圆轨道运行。",,9.0,https://placehold.co/300x300/2c3e50/ecf0f1/png?text=Laws%0Aof%0Aplanetary%0Amotion,,,
Electromagnetic induction,Project,"[电磁感应](https://en.wikipedia.org/wiki/Electromagnetic_induction) —— 变化磁场产生电流,发电机的原理。",,8.8,https://placehold.co/300x300/2c3e50/ecf0f1/png?text=Electromagnetic%0Ainduction,,,
Radioactivity,Project,[放射性](https://en.wikipedia.org/wiki/Radioactive_decay) —— 不稳定原子核自发衰变并放出射线。,,9.0,https://placehold.co/300x300/2c3e50/ecf0f1/png?text=Radioactivity,,,
Bohr model,Project,[玻尔模型](https://en.wikipedia.org/wiki/Bohr_model) —— 电子在量子化轨道绕核运行的原子模型。,,8.5,https://placehold.co/300x300/2c3e50/ecf0f1/png?text=Bohr%0Amodel,,,
Black-body radiation,Project,[黑体辐射](https://en.wikipedia.org/wiki/Black-body_radiation) —— 理想物体的热辐射;普朗克的解释开启量子论。,,8.5,https://placehold.co/300x300/2c3e50/ecf0f1/png?text=Black-body%0Aradiation,,,
Uncertainty principle,Project,[不确定性原理](https://en.wikipedia.org/wiki/Uncertainty_principle) —— 粒子的位置与动量无法同时被精确确定。,,8.8,https://placehold.co/300x300/2c3e50/ecf0f1/png?text=Uncertainty%0Aprinciple,,,
Schrödinger equation,Project,[薛定谔方程](https://en.wikipedia.org/wiki/Schr%C3%B6dinger_equation) —— 描述量子态随时间演化的基本方程。,,8.8,https://placehold.co/300x300/2c3e50/ecf0f1/png?text=Schr%C3%B6dinger%0Aequation,,,
Antimatter,Project,"[反物质](https://en.wikipedia.org/wiki/Antimatter) —— 与正常物质电荷相反的粒子,由狄拉克预言。",,8.3,https://placehold.co/300x300/2c3e50/ecf0f1/png?text=Antimatter,,,
Quantum electrodynamics,Project,"[量子电动力学](https://en.wikipedia.org/wiki/Quantum_electrodynamics) —— 光与物质相互作用的量子场论,精度极高。",,8.7,https://placehold.co/300x300/2c3e50/ecf0f1/png?text=Quantum%0Aelectrodynamics,,,
Alternating current,Project,"[交流电](https://en.wikipedia.org/wiki/Alternating_current) —— 方向周期变化的电流,现代电力传输的基础。",,8.5,https://placehold.co/300x300/2c3e50/ecf0f1/png?text=Alternating%0Acurrent,,,
Genetics,Project,"[遗传学](https://en.wikipedia.org/wiki/Genetics) —— 研究基因、遗传与变异的学科,源于孟德尔。",,9.2,https://placehold.co/300x300/2c3e50/ecf0f1/png?text=Genetics,,,
Germ theory,Project,"[细菌致病学说](https://en.wikipedia.org/wiki/Germ_theory_of_disease) —— 许多疾病由微生物引起,革新了医学与公共卫生。",,9.2,https://placehold.co/300x300/2c3e50/ecf0f1/png?text=Germ%0Atheory,,,
Vaccination,Project,"[疫苗接种](https://en.wikipedia.org/wiki/Vaccination) —— 用减弱或灭活病原激发免疫,预防传染病。",,9.0,https://placehold.co/300x300/2c3e50/ecf0f1/png?text=Vaccination,,,
Periodic table,Project,"[元素周期表](https://en.wikipedia.org/wiki/Periodic_table) —— 按原子序与性质排列元素的表格,化学的地图。",,9.3,https://placehold.co/300x300/2c3e50/ecf0f1/png?text=Periodic%0Atable,,,
Conservation of mass,Project,[质量守恒定律](https://en.wikipedia.org/wiki/Conservation_of_mass) —— 化学反应前后总质量不变。,,8.5,https://placehold.co/300x300/2c3e50/ecf0f1/png?text=Conservation%0Aof%0Amass,,,
Modern chemistry,Project,"[近代化学](https://en.wikipedia.org/wiki/History_of_chemistry) —— 以定量实验取代炼金术,拉瓦锡等奠定。",,8.7,https://placehold.co/300x300/2c3e50/ecf0f1/png?text=Modern%0Achemistry,,,
Entropy,Project,"[熵](https://en.wikipedia.org/wiki/Entropy) —— 衡量无序程度的物理量,与热力学第二定律密切相关。",,8.7,https://placehold.co/300x300/2c3e50/ecf0f1/png?text=Entropy,,,
Geometry,Project,[几何学](https://en.wikipedia.org/wiki/Geometry) —— 研究形状、大小与空间关系的数学分支。,,9.2,https://placehold.co/300x300/2c3e50/ecf0f1/png?text=Geometry,,,
Archimedes' principle,Project,[阿基米德原理](https://en.wikipedia.org/wiki/Archimedes%27_principle) —— 浸入流体的物体受到等于排开流体重量的浮力。,,8.5,https://placehold.co/300x300/2c3e50/ecf0f1/png?text=Archimedes%27%0Aprinciple,,,
Number theory,Project,"[数论](https://en.wikipedia.org/wiki/Number_theory) —— 研究整数性质的数学分支,被誉为“数学皇后”。",,9.0,https://placehold.co/300x300/2c3e50/ecf0f1/png?text=Number%0Atheory,,,
Normal distribution,Project,"[正态分布](https://en.wikipedia.org/wiki/Normal_distribution) —— 自然界普遍的钟形概率分布,又称高斯分布。",,8.0,https://placehold.co/300x300/2c3e50/ecf0f1/png?text=Normal%0Adistribution,,,
Graph theory,Project,"[图论](https://en.wikipedia.org/wiki/Graph_theory) —— 研究点与边构成的网络,源自欧拉的七桥问题。",,8.3,https://placehold.co/300x300/2c3e50/ecf0f1/png?text=Graph%0Atheory,,,
Riemann hypothesis,Project,[黎曼猜想](https://en.wikipedia.org/wiki/Riemann_hypothesis) —— 关于素数分布的著名未解难题。,,8.5,https://placehold.co/300x300/2c3e50/ecf0f1/png?text=Riemann%0Ahypothesis,,,
Non-Euclidean geometry,Project,"[非欧几何](https://en.wikipedia.org/wiki/Non-Euclidean_geometry) —— 突破平行公理的几何,为广义相对论提供数学工具。",,8.5,https://placehold.co/300x300/2c3e50/ecf0f1/png?text=Non-Euclidean%0Ageometry,,,
Probability theory,Project,[概率论](https://en.wikipedia.org/wiki/Probability_theory) —— 研究随机现象规律的数学分支。,,8.5,https://placehold.co/300x300/2c3e50/ecf0f1/png?text=Probability%0Atheory,,,
Set theory,Project,"[集合论](https://en.wikipedia.org/wiki/Set_theory) —— 研究集合的数学基础,康托尔创立。",,9.0,https://placehold.co/300x300/2c3e50/ecf0f1/png?text=Set%0Atheory,,,
Hilbert space,Project,"[希尔伯特空间](https://en.wikipedia.org/wiki/Hilbert_space) —— 完备的内积空间,量子力学的数学舞台。",,8.3,https://placehold.co/300x300/2c3e50/ecf0f1/png?text=Hilbert%0Aspace,,,
Topology,Project,[拓扑学](https://en.wikipedia.org/wiki/Topology) —— 研究在连续变形下保持不变的空间性质。,,8.3,https://placehold.co/300x300/2c3e50/ecf0f1/png?text=Topology,,,
Chaos theory,Project,[混沌理论](https://en.wikipedia.org/wiki/Chaos_theory) —— 研究对初始条件敏感的确定性系统(蝴蝶效应)。,,8.0,https://placehold.co/300x300/2c3e50/ecf0f1/png?text=Chaos%0Atheory,,,
Abstract algebra,Project,[抽象代数](https://en.wikipedia.org/wiki/Abstract_algebra) —— 研究群、环、域等代数结构。,,8.3,https://placehold.co/300x300/2c3e50/ecf0f1/png?text=Abstract%0Aalgebra,,,
Noether's theorem,Project,[诺特定理](https://en.wikipedia.org/wiki/Noether%27s_theorem) —— 每一种连续对称性对应一个守恒律。,,8.5,https://placehold.co/300x300/2c3e50/ecf0f1/png?text=Noether%27s%0Atheorem,,,
Incompleteness theorems,Project,[哥德尔不完备定理](https://en.wikipedia.org/wiki/G%C3%B6del%27s_incompleteness_theorems) —— 任何足够强的形式系统都有不可证明的真命题。,,9.0,https://placehold.co/300x300/2c3e50/ecf0f1/png?text=Incompleteness%0Atheorems,,,
Hippocratic medicine,Project,"[希波克拉底医学](https://en.wikipedia.org/wiki/Hippocrates) —— 将疾病归因于自然而非神灵,奠定理性医学传统。",,8.8,https://placehold.co/300x300/2c3e50/ecf0f1/png?text=Hippocratic%0Amedicine,,,
Bacteriology,Project,[细菌学](https://en.wikipedia.org/wiki/Bacteriology) —— 研究细菌及其与疾病关系的学科。,,8.5,https://placehold.co/300x300/2c3e50/ecf0f1/png?text=Bacteriology,,,
Penicillin,Project,"[青霉素](https://en.wikipedia.org/wiki/Penicillin) —— 首个广泛使用的抗生素,挽救了无数生命。",,9.2,https://placehold.co/300x300/2c3e50/ecf0f1/png?text=Penicillin,,,
Antibiotics,Project,[抗生素](https://en.wikipedia.org/wiki/Antibiotic) —— 抑制或杀灭细菌的药物。,,8.8,https://placehold.co/300x300/2c3e50/ecf0f1/png?text=Antibiotics,,,
Antiseptic surgery,Project,"[无菌外科](https://en.wikipedia.org/wiki/Antiseptic) —— 通过消毒减少手术感染,李斯特倡导。",,8.5,https://placehold.co/300x300/2c3e50/ecf0f1/png?text=Antiseptic%0Asurgery,,,
Human anatomy,Project,"[人体解剖学](https://en.wikipedia.org/wiki/Human_body) —— 研究人体结构的学科,维萨里使其建立在实证之上。",,8.5,https://placehold.co/300x300/2c3e50/ecf0f1/png?text=Human%0Aanatomy,,,
Blood circulation,Project,"[血液循环](https://en.wikipedia.org/wiki/Circulatory_system) —— 心脏驱动血液在全身循环,哈维阐明。",,8.5,https://placehold.co/300x300/2c3e50/ecf0f1/png?text=Blood%0Acirculation,,,
Polio vaccine,Project,[脊髓灰质炎疫苗](https://en.wikipedia.org/wiki/Polio_vaccine) —— 有效预防小儿麻痹症的疫苗。,,8.5,https://placehold.co/300x300/2c3e50/ecf0f1/png?text=Polio%0Avaccine,,,
Modern nursing,Project,[现代护理](https://en.wikipedia.org/wiki/Nursing) —— 南丁格尔将护理发展为专业学科。,,8.0,https://placehold.co/300x300/2c3e50/ecf0f1/png?text=Modern%0Anursing,,,
Medical statistics,Project,[医学统计](https://en.wikipedia.org/wiki/Medical_statistics) —— 用统计方法分析健康与医疗数据。,,7.8,https://placehold.co/300x300/2c3e50/ecf0f1/png?text=Medical%0Astatistics,,,
Taxonomy,Project,"[生物分类学](https://en.wikipedia.org/wiki/Taxonomy_%28biology%29) —— 对生物进行命名与分类的系统,林奈奠定。",,8.8,https://placehold.co/300x300/2c3e50/ecf0f1/png?text=Taxonomy,,,
Microbiology,Project,[微生物学](https://en.wikipedia.org/wiki/Microbiology) —— 研究细菌、病毒等微小生物的学科。,,8.5,https://placehold.co/300x300/2c3e50/ecf0f1/png?text=Microbiology,,,
DNA structure,Project,"[DNA 双螺旋结构](https://en.wikipedia.org/wiki/Nucleic_acid_double_helix) —— 遗传信息的分子载体,1953 年揭示。",,9.5,https://placehold.co/300x300/2c3e50/ecf0f1/png?text=DNA%0Astructure,,,
Atomic theory,Project,"[原子论](https://en.wikipedia.org/wiki/Atomic_theory) —— 物质由原子构成的理论,道尔顿提出近代形式。",,9.0,https://placehold.co/300x300/2c3e50/ecf0f1/png?text=Atomic%0Atheory,,,
Boyle's law,Project,[玻意耳定律](https://en.wikipedia.org/wiki/Boyle%27s_law) —— 定温下气体压强与体积成反比。,,8.0,https://placehold.co/300x300/2c3e50/ecf0f1/png?text=Boyle%27s%0Alaw,,,
Chemical bond,Project,"[化学键](https://en.wikipedia.org/wiki/Chemical_bond) —— 原子间的相互作用力,鲍林系统阐释。",,8.5,https://placehold.co/300x300/2c3e50/ecf0f1/png?text=Chemical%0Abond,,,
Expanding universe,Project,"[宇宙膨胀](https://en.wikipedia.org/wiki/Expansion_of_the_universe) —— 星系彼此远离,支持大爆炸理论。",,8.8,https://placehold.co/300x300/2c3e50/ecf0f1/png?text=Expanding%0Auniverse,,,
Astronomical observation,Project,"[天文观测](https://en.wikipedia.org/wiki/Observational_astronomy) —— 通过测量天体获取数据,第谷的记录尤为精确。",,8.0,https://placehold.co/300x300/2c3e50/ecf0f1/png?text=Astronomical%0Aobservation,,,
